filename,pagecount
240604u.pdf,3
260703u.pdf,17
260705u.pdf,21
260706u.pdf,17
280307u.pdf,52
310704u.pdf,29
310705u1.pdf,27
310705u2.pdf,21
320711u1.pdf,37
320711u2.pdf,24
330130u.pdf,25
330616u.pdf,36
340416u.pdf,38
341206u.pdf,57
341207u.pdf,36
350326u.pdf,16
350620u.pdf,21
351005u1.pdf,49
351005u2.pdf,29
351006u.pdf,44
351024u.pdf,41
351025u.pdf,30
360121u.pdf,37
360526u.pdf,42
360618u.pdf,17
361216u.pdf,55
370414u.pdf,38
371124u.pdf,29
371125u.pdf,41
380217u.pdf,24
380603u.pdf,19
390111u.pdf,29
390302u.pdf,13
390504u.pdf,18
390511u.pdf,35
390908u.pdf,14
391025u.pdf,58
391122u.pdf,35
391209u1.pdf,42
391209u2.pdf,36
391214u.pdf,30
391222u.pdf,49
450626u.pdf,24
450705u.pdf,3
450824u.pdf,33
450927u.pdf,4
450928u.pdf,11
451029u.pdf,28
460508u.pdf,41
460919u.pdf,31
461128u.pdf,23
470115u.pdf,41
470116u1.pdf,27
470116u2.pdf,9
470120u.pdf,34
470130u.pdf,17
470131u.pdf,23
470210u.pdf,13
470211u.pdf,20
470212u.pdf,20
470221u.pdf,20
470224u.pdf,7
470307u.pdf,21
470312u.pdf,4
470314u.pdf,17
470315u.pdf,9
470523u.pdf,16
470707u.pdf,20
470901u.pdf,30
471028u.pdf,13
471029u.pdf,20
471119u.pdf,9
471124u.pdf,9
471205u.pdf,7
480126u.pdf,19
480129u.pdf,33
480310u.pdf,14
490202u.pdf,37
491011u.pdf,19
491111u.pdf,27
491119u.pdf,23
500127u.pdf,18
500214u1.pdf,21
500214u2.pdf,13
500304u.pdf,20
500427u.pdf,20
500505u.pdf,22
500509u.pdf,26
500525u.pdf,27
500622u.pdf,46
500629u1.pdf,14
500629u2.pdf,15
500630u.pdf,19
500704u.pdf,39
500728u.pdf,40
500803u.pdf,42
500831u.pdf,10
500902u.pdf,23
500904u.pdf,48
500911u.pdf,36
500920u.pdf,21
500921u.pdf,40
500923u.pdf,13
501005u.pdf,21
501006u.pdf,50
501107u.pdf,19
501113u.pdf,60
501211um.pdf,19
510110u.pdf,30
510118u.pdf,18
510120u.pdf,41
510123u.pdf,11
510124u.pdf,19
510126u.pdf,11
510130u.pdf,23
510424u.pdf,16
510425u.pdf,22
510508u.pdf,24
510529u.pdf,23
510616u.pdf,10
510626u.pdf,3
510627u.pdf,9
510629u.pdf,36
510823u.pdf,65
510910u.pdf,9
511017u.pdf,34
511018u.pdf,33
511019u.pdf,29
511023u.pdf,33
511029u.pdf,12
511102u.pdf,28
511115u.pdf,18
511211u.pdf,19
511214u.pdf,12
520114u.pdf,14
520206u.pdf,23
520304u.pdf,23
520308u.pdf,29
520327u.pdf,15
520515u.pdf,11
520520u.pdf,10
520802u.pdf,23
521009u.pdf,23
521204u.pdf,30
530205u.pdf,14
530207u.pdf,17
530317u.pdf,12
530415u.pdf,30
530429u.pdf,12
530604u.pdf,12
530903u.pdf,24
540429u.pdf,19
540505u.pdf,31
540528u.pdf,20
540608u.pdf,14
540906u.pdf,25
541007u.pdf,39
541014u.pdf,17
541018u.pdf,7
541124u.pdf,8
550120u.pdf,21
550215u.pdf,21
550503u.pdf,24
550525u.pdf,15
550616u.pdf,13
550622u.pdf,21
551011u.pdf,16
551021u.pdf,7
551117u.pdf,29
551124u.pdf,14
551207u.pdf,9
560223u.pdf,28
560323u.pdf,8
560416u.pdf,26
560525u.pdf,22
560530u.pdf,19
560614u.pdf,12
560813u.pdf,34
560915u.pdf,32
560917u.pdf,24
560925u.pdf,33
561018u.pdf,10
561031u.pdf,13
561107u.pdf,19
561128u.pdf,26
561205u.pdf,33
570131usj.pdf,13
570205u.pdf,25
570207ufsk.pdf,30
570226u.pdf,17
570304u.pdf,18
570319u.pdf,22
570323u.pdf,17
570408u.pdf,27
570514u.pdf,30
570611u.pdf,10
570619u.pdf,20
570705u.pdf,12
570906u.pdf,71
571014u.pdf,30
571207u.pdf,36
580210u.pdf,23
580214u.pdf,26
580219u.pdf,6
580227u.pdf,7
580313u.pdf,14
580327u.pdf,8
580328u.pdf,10
580415u.pdf,9
580418u.pdf,20
580424u.pdf,19
580528u.pdf,28
580604u.pdf,7
580618u.pdf,22
580731u1.pdf,17
580731u2.pdf,17
580904u.pdf,19
580927u.pdf,12
581016u.pdf,25
581023u.pdf,14
581105u.pdf,16
581119u.pdf,24
581209u.pdf,22
590126u.pdf,19
590202u.pdf,28
590203u.pdf,17
590212u.pdf,18
590219u.pdf,25
590410u.pdf,11
590416u.pdf,22
590506u.pdf,10
590521u.pdf,25
590603u.pdf,16
590622u.pdf,25
590627u.pdf,11
590723u.pdf,45
590907u.pdf,47
590908u.pdf,44
591015u.pdf,21
591023u.pdf,11
591029u.pdf,12
591110u.pdf,55
591112u.pdf,36
591124u.pdf,20
600111u.pdf,20
600204u.pdf,21
600301u.pdf,25
600304u.pdf,23
600308u.pdf,12
600311u.pdf,39
600314u.pdf,22
600315u.pdf,5
600318u.pdf,28
600325u.pdf,16
600429u.pdf,11
600511usj.pdf,17
600511u.pdf,6
600514u.pdf,22
600523u.pdf,20
600524usj.pdf,11
600528uf.pdf,11
600531u.pdf,12
600720u.pdf,39
600917u1.pdf,25
600917u2.pdf,17
601129u.pdf,12
601205u.pdf,16
601208u.pdf,13
610127u.pdf,23
610131u.pdf,21
610209u.pdf,20
610214u.pdf,18
610315u.pdf,15
610323u.pdf,20
610324u.pdf,6
610410u.pdf,10
610418u.pdf,10
610419u.pdf,26
610427u.pdf,27
610519u.pdf,23
610526u.pdf,7
610530u.pdf,18
610607u.pdf,11
610609u.pdf,19
610614u.pdf,20
610616u.pdf,14
610703u.pdf,27
610731u.pdf,50
611013u.pdf,26
611019u.pdf,10
611020u.pdf,5
611028u.pdf,30
611103u.pdf,6
611107u.pdf,27
611114u.pdf,25
611116u.pdf,25
611121u.pdf,35
611122u.pdf,18
611125u.pdf,32
611201u.pdf,13
620207u.pdf,17
620221u.pdf,7
620301u.pdf,3
620312u.pdf,39
620315u.pdf,23
620326u.pdf,43
620329u.pdf,31
620330u1.pdf,19
620330u2.pdf,45
620403u.pdf,30
620404u.pdf,39
620409u.pdf,29
620411u.pdf,29
620412u.pdf,15
620428u.pdf,8
620613u.pdf,32
620620u.pdf,6
620915u.pdf,22
621023u.pdf,13
621108u.pdf,39
621115u.pdf,26
621121u.pdf,20
621122u.pdf,24
621127u.pdf,5
621205u.pdf,21
630109u.pdf,14
630115u.pdf,5
630227u.pdf,17
630313u.pdf,19
630404u.pdf,16
630506u.pdf,13
630513u.pdf,13
630527u.pdf,18
630813u.pdf,11
631127u.pdf,27
640107u.pdf,23
640115u.pdf,24
640129u.pdf,27
640212u.pdf,21
640225u.pdf,33
640304u.pdf,25
640318u.pdf,23
640508u.pdf,15
640521u.pdf,15
640609u.pdf,10
640810u.pdf,17
641009u.pdf,12
641022u.pdf,24
641116u.pdf,19
641127u.pdf,25
641209u.pdf,14
650202u.pdf,13
650210u.pdf,14
650211u.pdf,16
650219u.pdf,10
650224u.pdf,5
650303u.pdf,18
650311u.pdf,18
650427u.pdf,5
650510u.pdf,11
650521u.pdf,6
650526u.pdf,13
650531u.pdf,14
650626u.pdf,20
651104u.pdf,23
651110u.pdf,5
651206u.pdf,13
651207u.pdf,7
651208u.pdf,31
651215u1.pdf,16
651215u2.pdf,20
651217u.pdf,11
660110u.pdf,17
660120u.pdf,10
660314u.pdf,28
660505u.pdf,7
660527u.pdf,11
660617u.pdf,10
661010u.pdf,17
661012u.pdf,20
661123u.pdf,26
661203u.pdf,29
661209u.pdf,21
670221u.pdf,14
670509u.pdf,24
670510u.pdf,21
670519u.pdf,22
670530u.pdf,10
670605u.pdf,19
670621u.pdf,21
671010u.pdf,14
671106u.pdf,20
680205u.pdf,22
680419u.pdf,19
680610u.pdf,11
680822u.pdf,42
690122u.pdf,19
690128u.pdf,25
690327u.pdf,11
691210u.pdf,23
691215u.pdf,16
700303u.pdf,23
700306u.pdf,17
700827u.pdf,17
701008u.pdf,30
701209u.pdf,29
701214u.pdf,19
710113u.pdf,18
710329u.pdf,15
710430u.pdf,12
710607u.pdf,14
710614u.pdf,24
710615u.pdf,19
710618u.pdf,9
710825u.pdf,15
711015u.pdf,11
711029u.pdf,13
711106u.pdf,34
711110u.pdf,25
711122u.pdf,19
711124u.pdf,18
711126u.pdf,13
711209u.pdf,25
711214u.pdf,23
711220u.pdf,13
720104u.pdf,33
720108u.pdf,15
720111u.pdf,21
720113u.pdf,20
720210u.pdf,14
720216u.pdf,24
720309u.pdf,20
720315u.pdf,5
720904u.pdf,19
721025u.pdf,10
721115u.pdf,29
721116u.pdf,11
721128u.pdf,21
721130u.pdf,28
730116u.pdf,15
730118u.pdf,25
730201u.pdf,24
730209u1.pdf,27
730209u2.pdf,19
730214u.pdf,14
730301u.pdf,24
730306u.pdf,26
730309u.pdf,22
730314u.pdf,10
730316u.pdf,19
730328u.pdf,20
730329u.pdf,32
730407u.pdf,15
730427u.pdf,16
730525u.pdf,16
730529u.pdf,39
730530u1.pdf,37
730530u2.pdf,21
730602u.pdf,22
730628u.pdf,64
731102u1.pdf,25
731102u2.pdf,8
731115u.pdf,24
731206u.pdf,13
740205u.pdf,18
740313u.pdf,17
740328u.pdf,14
740531u.pdf,10
740614u.pdf,7
740917u.pdf,36
741018u.pdf,18
741024u.pdf,10
741031u.pdf,10
741122u.pdf,15
741205u-1.pdf,12
741205u-2.pdf,6
750115u.pdf,5
750117u.pdf,13
750207u.pdf,7
750311u.pdf,26
750321u.pdf,12
750408u.pdf,8
750418u.pdf,12
750523u.pdf,14
750611u.pdf,9
751020u.pdf,7
751031u.pdf,16
751205u.pdf,13
1976_0107.pdf,19
1976_0120.pdf,16
1976_0211.pdf,14
1976_0218.pdf,14
1976_0224.pdf,7
1976_0310.pdf,15
1976_0319.pdf,14
1976_0513.pdf,24
1976_0930.pdf,10
1976_1004.pdf,17
1976_1013.pdf,26
1976_1015.pdf,23
1976_1115.pdf,15
1976_1202.pdf,20
1976_1215.pdf,20
1976_1229.pdf,40
1977_0124.pdf,22
1977_0208.pdf,21
1977_0218.pdf,12
1977_0323.pdf,16
1977_0602.pdf,20
1977_0701.pdf,50
1977_0819.pdf,29
1977_0828.pdf,17
1977_1111.pdf,42
1978_0125.pdf,16
1978_0406.pdf,19
1978_0424.pdf,13
1978_0606.pdf,12
1978_1006.pdf,10
1978_1124.pdf,19
1978_1201.pdf,16
1978_1211.pdf,5
1978_1213.pdf,17
1979_0403.pdf,16
1979_0601.pdf,20
1979_1003-ii.pdf,2
1979_1003.pdf,26
1979_1210.pdf,25
1980_0114.pdf,25
1980_0424.pdf,26
1980_0430.pdf,13
1980_0508.pdf,18
1980_0513.pdf,27
1980_0904.pdf,23
1980_1204.pdf,23
1981_0325.pdf,25
1981_0330.pdf,8
1981_0611.pdf,17
1981_0721.pdf,23
1981_1130.pdf,11
1982_0115.pdf,30
1982_0127.pdf,28
1982_0204.pdf,22
1982_0319.pdf,25
1982_0419.pdf,22
1982_0607.pdf,24
1982_0624.pdf,22
1982_0827.pdf,14
1982_1011.pdf,23
1982_1119-ii.pdf,8
1982_1119.pdf,25
1982_1123.pdf,14
1983_0311.pdf,18
1983_0325.pdf,11
1983_0503.pdf,17
1983_0617.pdf,9
1983_1122.pdf,6
1983_1216.pdf,28
1984_0201.pdf,6
1984_0822.pdf,18
1984_1101.pdf,17
1984_1116.pdf,25
1985_0222.pdf,30
1985_1031.pdf,20
1985_1118.pdf,8
1985_1205.pdf,24
1986_0203-ss.-1-30.pdf,30
1986_0514_-sladda_.pdf,16
1986_0520_-sladda_.pdf,13
1986_0910.pdf,24
1986_1015-ss._-sladda_--sladda-tillegg_84-113.pdf,30
1986_1027.pdf,14
1987_0113.pdf,10
1987_0319.pdf,13
1987_0605_-sladda_.pdf,17
1987_1014.pdf,31
1988_0215.pdf,27
1988_0229_-sladda_.pdf,17
1988_0314_-sladda_.pdf,13
1988_1006.pdf,26
1988_1202.pdf,14
1988_1206.pdf,10
1988_1214_-sladda_.pdf,35
1989_0213-ss.-1-41.pdf,41
1989_0217.pdf,27
1989_0306-ss.-69-104.pdf,36
1989_0308-kl.-10.pdf,18
1989_0308-kl.15.pdf,26
1989_0404.pdf,18
1989_0407.pdf,11
1989_0519.pdf,20
1989_0609.pdf,16
1989_0616.pdf,16
1989_0818.pdf,22
1989_0918.pdf,17
1989_0927.pdf,32
1989_1026-kl.-8.30.pdf,29
1989_1026-kl.15.05.pdf,29
1989_1027.pdf,17
1989_1116.pdf,19
1989_1127.pdf,11
1989_1218.pdf,18
1989_1220.pdf,13
1990_0206.pdf,27
1990_0222.pdf,6
1990_0312.pdf,30
1990_0319.pdf,22
1990_0330-ss.-110-146.pdf,37
1990_0406.pdf,25
1990_0423.pdf,32
1990_0430-ss.-204-241.pdf,38
1990_0516_-sladda_.pdf,14
1990_0521-ss.-255b-294.pdf,40
1990_0612.pdf,24
1990_0618.pdf,32
1990_0806-ss.-351-385.pdf,35
1990_0822-ss.-401-616_sladda_.pdf,216
1990_0828-ss.-450-492.pdf,43
1990_0914-ss.-493-526_-sladda_.pdf,34
1990_1012-ss.-547-611.pdf,70
1990_1016.pdf,17
1990_1019.pdf,15
1990_1023.pdf,16
1990_1025_-sladda_.pdf,24
1990_1106_sladda_.pdf,30
1990_1119-ss.-719-774_-sladda_.pdf,56
1990_1211.pdf,17
1991_0109-ss.-1-45_-sladda_.pdf,45
1991_0113.pdf,25
1991_0122-ss.-71-122.pdf,52
1991_0211.pdf,28
1991_0416-ss.-151-236.pdf,86
1991_0510-ss.-200-236.pdf,37
1991_0610.pdf,27
1991_0626.pdf,34
1991_0729-ss.-298-329.pdf,38
1991_0822.pdf,22
1991_1015_-sladda_.pdf,17
1991_1212.pdf,24
1992_0116-ss.-1-45.pdf,45
1992_0219_-sladda_.pdf,15
1992_0226.pdf,35
1992_0520_-sladda_.pdf,35
1992_1201_-sladda_.pdf,33
1992_1210.pdf,31
260618u.pdf,3
1990_0306_-sladda_.pdf,24
